-- Adminer 4.8.1 PostgreSQL 16.0 (Debian 16.0-1.pgdg120+1) dump



INSERT INTO "notifications" ("uuid", "status", "creation_date", "formation_date", "completion_date", "moderator_id", "customer_id", "notification_type") VALUES
('c4fdc129-ed48-48df-a262-6be92a3acb12',	'Введен',	'2023-10-09 00:00:00',	'2023-11-09 00:00:00',	'2023-12-09 00:00:00',	'3e9e10cc-a591-4d6b-a017-ac23eeffee39',	'967db760-fef5-4eb1-b26a-dc25c3cd40a9',	'Срочное сообщение'),
('3c0a95f9-2e96-421b-903d-3bb9262cd77e',	'В работе',	'2023-09-24 00:00:00',	'2023-09-27 00:00:00',	'2023-09-28 00:00:00',	'3e9e10cc-a591-4d6b-a017-ac23eeffee39',	'967db760-fef5-4eb1-b26a-dc25c3cd40a9',	'Еженедельное уведомление'),
('a10adc9b-4957-4769-a029-71b76c764e49',	'удалён',	'2023-10-29 00:00:00',	NULL,	NULL,	NULL,	'967db760-fef5-4eb1-b26a-dc25c3cd40a9',	''),
('1565f159-b6a2-4108-bc29-456dd05a8ac4',	'отклонён',	'2023-09-15 00:00:00',	'2023-09-15 00:00:00',	'2023-09-16 00:00:00',	'3e9e10cc-a591-4d6b-a017-ac23eeffee39',	'967db760-fef5-4eb1-b26a-dc25c3cd40a9',	'Уведомление о задолжности'),
('02f5e742-0221-484d-a796-c74f4691e693',	'завершён',	'2023-10-09 00:00:00',	'2023-10-15 00:00:00',	'2023-10-20 00:00:00',	'3e9e10cc-a591-4d6b-a017-ac23eeffee39',	'967db760-fef5-4eb1-b26a-dc25c3cd40a9',	'Электронное напоминание'),
('200b2366-36d5-49b2-9770-85c1628c20f0',	'сформирован',	'2023-10-30 00:00:00',	'2023-10-30 00:00:00',	NULL,	NULL,	'967db760-fef5-4eb1-b26a-dc25c3cd40a9',	''),
('da900b13-b937-4f05-baf2-0c114dcb1967',	'завершён',	'2023-12-06 05:58:56.052583',	'2023-12-06 05:59:16.93331',	'2023-12-06 06:01:14.437566',	'3e9e10cc-a591-4d6b-a017-ac23eeffee39',	'967db760-fef5-4eb1-b26a-dc25c3cd40a9',	''),
('59128f4e-4011-4bef-9a6d-13ab40659d27',	'завершён',	'2023-12-05 23:20:03.994931',	'2023-12-05 23:24:19.679904',	'2023-12-06 06:43:18.778483',	'3e9e10cc-a591-4d6b-a017-ac23eeffee39',	'967db760-fef5-4eb1-b26a-dc25c3cd40a9',	''),
('4838989d-3d71-4d9e-a8d9-7f12dd76592d',	'завершён',	'2023-12-06 06:01:25.483304',	'2023-12-06 06:01:35.952638',	'2023-12-06 07:24:32.899471',	'3e9e10cc-a591-4d6b-a017-ac23eeffee39',	'967db760-fef5-4eb1-b26a-dc25c3cd40a9',	'');



INSERT INTO "recipients" ("uuid", "fio", "image_url", "email", "age", "adress", "is_deleted") VALUES
('4bea0842-bcb8-416e-9a63-d89a63e978ca',	'Олег Орлов Никитович',	'localhost:9000/images/men1.jpg',	'OlegO@mail.ru',	27,	'Москва, ул. Измайловская, д.13, кв.54',	't'),
('18ab9f76-7648-49d2-857d-75ffddf13bea',	'Василий Гречко Валентинович',	'localhost:9000/images/men2.jpg',	'Grechko_101@mail.ru',	31,	'Москва, ул. Тверская, д.25, кв.145',	'f'),
('b9778018-9c13-46fd-b785-4a803dc8be0b',	'Александр Лейко Кириллович',	'localhost:9000/images/men3.jpg',	'Alek221@mail.ru',	37,	'Москва, ул. Изюмская, д.15, кв.89',	'f'),
('365f46c8-b498-47b9-92d3-97319ff62711',	'Андрей Отрис Даниллович',	'localhost:9000/images/men1.jpg',	'Andr1@mail.ru',	32,	'Москва, ул. Изюмская, д.15, кв.79',	'f'),
('9b8914a6-c599-450d-893d-b8ebb766dd07',	'Кирилл Лейка Кириллович',	'localhost:9000/images/men4.jpg',	'KriLeik@mail.ru',	30,	'Москва, ул. Бутовская, д.15, кв.79',	'f'),
('b06a0b5a-6ede-4636-a97b-83976dc10575',	'Андрей Ермолин Данилович',	'localhost:9000/images/men5.jpg',	'andrErm@gmail.com',	33,	'Москва, ул. Клинская, д.22, кв.12',	'f');

INSERT INTO "notification_contents" ("recipient_id", "notification_id") VALUES
('4bea0842-bcb8-416e-9a63-d89a63e978ca',	'c4fdc129-ed48-48df-a262-6be92a3acb12'),
('b9778018-9c13-46fd-b785-4a803dc8be0b',	'1565f159-b6a2-4108-bc29-456dd05a8ac4'),
('18ab9f76-7648-49d2-857d-75ffddf13bea',	'02f5e742-0221-484d-a796-c74f4691e693'),
('b9778018-9c13-46fd-b785-4a803dc8be0b',	'200b2366-36d5-49b2-9770-85c1628c20f0'),
('b9778018-9c13-46fd-b785-4a803dc8be0b',	'59128f4e-4011-4bef-9a6d-13ab40659d27'),
('b06a0b5a-6ede-4636-a97b-83976dc10575',	'da900b13-b937-4f05-baf2-0c114dcb1967'),
('b06a0b5a-6ede-4636-a97b-83976dc10575',	'4838989d-3d71-4d9e-a8d9-7f12dd76592d');



-- 2023-12-12 19:52:23.486829+00
